Nome,Matricula,Data
Otávio Oliveira,47391,27/06/2019
Giovanna Lima,30662,17/06/2019
Carla Gomes,22657,25/06/2019
Luan Azevedo,25605,12/06/2019
Luana Melo,12310,25/06/2019
Nicolash Castro,11424,04/06/2019
Yasmin Barbosa,20231,23/06/2019
Luiz Lima,20090,29/06/2019
Eduarda Araujo,37328,13/06/2019
Tânia Martins,43466,20/06/2019
Júlio Cunha,15999,24/06/2019
Luis Costa,45657,29/06/2019
Júlia Fernandes,11837,23/06/2019
Anna Pinto,11740,09/06/2019
Gabrielle Rocha,28365,03/06/2019
Tomás Santos,45619,22/06/2019
Vitór Santos,25209,16/06/2019
Rafaela Barros,48447,22/06/2019
Gabriel Costa,13110,30/06/2019
Bruno Pereira,24749,03/06/2019
Joao Cardoso,44113,30/06/2019
Carolina Azevedo,49489,02/06/2019
Isabelle Barros,20763,25/06/2019
Enzo Ribeiro,21284,18/06/2019
Beatriz Rocha,30682,27/06/2019
Alice Dias,44387,30/06/2019
Nicole Rocha,36763,17/06/2019
Emilly Correia,30745,07/06/2019
Yasmin Barbosa,38007,26/06/2019
Clara Melo,32942,26/06/2019
Vinicius Lima,13647,27/06/2019
Victor Azevedo,44581,14/06/2019
Livia Correia,30714,23/06/2019
Aline Melo,42886,03/06/2019
Anna Cavalcanti,47932,05/06/2019
Mateus Cavalcanti,32413,19/06/2019
Vinícius Melo,33357,26/06/2019
Otávio Alves,22231,27/06/2019
Daniel Araujo,44501,21/06/2019
Samuel Dias,34260,01/06/2019
Emily Pinto,25378,20/06/2019
Luana Lima,36247,06/06/2019
Breno Sousa,38128,22/06/2019
Gabriela Ferreira,33947,27/06/2019
Sophia Fernandes,29039,19/06/2019
Isabelle Almeida,37021,30/06/2019
Kauan Ribeiro,34612,06/06/2019
Anna Almeida,15878,13/06/2019
Lara Cavalcanti,44284,26/06/2019
André Pereira,25920,08/06/2019
Sofia Ferreira,23762,27/06/2019
Ryan Melo,29376,15/06/2019
Anna Melo,36854,27/06/2019
Isabela Souza,31654,01/06/2019
Nicolas Barros,23161,25/06/2019
Gabrielle Gomes,12481,11/06/2019
Emily Barros,14757,07/06/2019
Bianca Souza,41569,24/06/2019
Matilde Oliveira,31959,01/06/2019
Renan Cavalcanti,15402,13/06/2019
Melissa Rodrigues,21864,08/06/2019
Lucas Araujo,18290,21/06/2019
Carla Pereira,17477,19/06/2019
Leila Almeida,38065,22/06/2019
Kauê Silva,38371,14/06/2019
Lara Carvalho,32460,03/06/2019
Isabella Souza,29211,05/06/2019
Martim Almeida,32766,05/06/2019
Isabela Souza,17053,18/06/2019
Beatriz Almeida,10413,18/06/2019
Brenda Almeida,23501,04/06/2019
Kauã Oliveira,41188,14/06/2019
Maria Ferreira,13816,28/06/2019
Douglas Alves,38945,28/06/2019
Tânia Lima,31731,11/06/2019
Luan Ribeiro,15352,17/06/2019
Beatrice Alves,24262,25/06/2019
Carla Carvalho,37282,27/06/2019
Victor Martins,38587,26/06/2019
Melissa Gomes,23020,28/06/2019
Bruno Costa,39107,11/06/2019
Breno Castro,35635,21/06/2019
Davi Carvalho,25796,13/06/2019
Renan Barbosa,28837,14/06/2019
André Ferreira,43941,17/06/2019
Igor Carvalho,44039,10/06/2019
Thaís Rodrigues,31738,06/06/2019
Julieta Santos,30533,22/06/2019
Leila Pinto,17608,16/06/2019
Thiago Gomes,29771,24/06/2019
Matheus Lima,41340,10/06/2019
Fernanda Cavalcanti,23453,09/06/2019
Gabriela Azevedo,17901,09/06/2019
Leonor Pereira,18719,02/06/2019
Eduarda Costa,13714,14/06/2019
Carla Correia,39221,05/06/2019
Rafael Fernandes,22844,18/06/2019
Caio Barbosa,41783,16/06/2019
Ana Dias,23371,28/06/2019

